date,funding
2020-09-13,0.0001
2020-09-14,0.00030000000000000003
2020-09-15,0.00030000000000000003
2020-09-16,0.00030000000000000003
2020-09-17,0.00030000000000000003
2020-09-18,0.00030000000000000003
2020-09-19,0.0001864
2020-09-20,-0.00053218
2020-09-21,0.00030000000000000003
2020-09-22,0.00015721000000000002
2020-09-23,0.00030000000000000003
2020-09-24,0.00011083000000000001
2020-09-25,-0.00019395
2020-09-26,-0.00024892
2020-09-27,0.00030000000000000003
2020-09-28,0.00030000000000000003
2020-09-29,0.00030000000000000003
2020-09-30,0.00030000000000000003
2020-10-01,0.00030000000000000003
2020-10-02,0.00030000000000000003
2020-10-03,0.00030000000000000003
2020-10-04,0.00030000000000000003
2020-10-05,0.00030000000000000003
2020-10-06,0.00030000000000000003
2020-10-07,0.00030000000000000003
2020-10-08,0.00030000000000000003
2020-10-09,0.00030000000000000003
2020-10-10,0.00058019
2020-10-11,0.00090989
2020-10-12,0.00042458
2020-10-13,0.00037596
2020-10-14,0.00048415000000000003
2020-10-15,0.00030000000000000003
2020-10-16,0.00030000000000000003
2020-10-17,0.00030000000000000003
2020-10-18,0.00030000000000000003
2020-10-19,0.00030000000000000003
2020-10-20,0.00030000000000000003
2020-10-21,0.00030000000000000003
2020-10-22,0.00055786
2020-10-23,0.00064808
2020-10-24,0.0015489000000000002
2020-10-25,0.00106334
2020-10-26,0.00030000000000000003
2020-10-27,0.00030000000000000003
2020-10-28,0.00030000000000000003
2020-10-29,0.00030000000000000003
2020-10-30,0.00019727000000000001
2020-10-31,-0.0009315
2020-11-01,-0.0012978999999999998
2020-11-02,0.00030000000000000003
2020-11-03,0.00030000000000000003
2020-11-04,0.00030000000000000003
2020-11-05,0.00030000000000000003
2020-11-06,6.620000000000001e-05
2020-11-07,-0.00115273
2020-11-08,0.00030028
2020-11-09,0.00047346
2020-11-10,0.00056412
2020-11-11,0.00055643
2020-11-12,0.00030000000000000003
2020-11-13,0.00030000000000000003
2020-11-14,0.00030000000000000003
2020-11-15,0.00044228
2020-11-16,0.00030000000000000003
2020-11-17,0.0010395200000000002
2020-11-18,0.00164955
2020-11-19,-0.00078885
2020-11-20,0.00045095
2020-11-21,0.00121282
2020-11-22,-0.00028640999999999996
2020-11-23,-0.00062429
2020-11-24,0.00050371
2020-11-25,0.00120802
2020-11-26,-0.005419439999999999
2020-11-27,-0.00696982
2020-11-28,-0.00348758
2020-11-29,-0.0038100399999999998
2020-11-30,-0.00222382
2020-12-01,-0.0031659699999999997
2020-12-02,-0.00249702
2020-12-03,0.00030000000000000003
2020-12-04,-0.00125726
2020-12-05,-0.0005188899999999999
2020-12-06,0.00030000000000000003
2020-12-07,0.00030000000000000003
2020-12-08,0.00030000000000000003
2020-12-09,0.0001221
2020-12-10,-0.0007948199999999999
2020-12-11,-0.0005354099999999999
2020-12-12,-0.0037013
2020-12-13,-0.00301263
2020-12-14,-0.00054022
2020-12-15,-0.00181186
2020-12-16,-0.00015194
2020-12-17,0.00030000000000000003
2020-12-18,0.00030000000000000003
2020-12-19,0.00030000000000000003
2020-12-20,0.00030000000000000003
2020-12-21,0.00047015
2020-12-22,0.00030000000000000003
2020-12-23,0.00015573
2020-12-24,-0.00117491
2020-12-25,-0.0028923300000000002
2020-12-26,-0.00518384
2020-12-27,-0.00336432
2020-12-28,-0.00075127
2020-12-29,-0.00256472
2020-12-30,-0.0031265800000000003
2020-12-31,-0.00344607
2021-01-01,-0.00450371
2021-01-02,-0.00118438
2021-01-03,-0.0031090299999999996
2021-01-04,-0.00533106
2021-01-05,-0.01435035
2021-01-06,-0.0225
2021-01-07,-0.015
2021-01-08,-0.00010134000000000003
2021-01-09,0.0022335600000000003
2021-01-10,0.00599783
2021-01-11,0.00121715
2021-01-12,0.00015925
2021-01-13,0.00069191
2021-01-14,0.00150239
2021-01-15,0.0011985700000000001
2021-01-16,0.00344779
2021-01-17,0.00227823
2021-01-18,0.0034127100000000002
2021-01-19,0.0025364
2021-01-20,-0.00014720999999999997
2021-01-21,-3.0249999999999997e-05
2021-01-22,-0.00073001
2021-01-23,0.00030000000000000003
2021-01-24,0.00034037
2021-01-25,0.00142934
2021-01-26,0.00030000000000000003
2021-01-27,0.00030000000000000003
2021-01-28,0.00052246
2021-01-29,0.00192694
2021-01-30,0.0020098900000000003
2021-01-31,0.00330473
2021-02-01,0.00085779
2021-02-02,0.00276465
2021-02-03,0.00379248
2021-02-04,0.004271769999999999
2021-02-05,0.00639162
2021-02-06,0.00457952
2021-02-07,0.00089317
2021-02-08,0.00320262
2021-02-09,0.00800924
2021-02-10,0.00689853
2021-02-11,0.0044304
2021-02-12,0.0037539799999999996
2021-02-13,0.00590627
2021-02-14,0.00761264
2021-02-15,0.00086418
2021-02-16,0.0031655800000000003
2021-02-17,0.00252231
2021-02-18,0.00342682
2021-02-19,0.00266789
2021-02-20,0.00549735
2021-02-21,0.00287296
2021-02-22,0.00161343
2021-02-23,-0.0009445800000000001
2021-02-24,0.00051868
2021-02-25,0.00058425
2021-02-26,0.00030000000000000003
2021-02-27,0.00033802
2021-02-28,0.00030000000000000003
2021-03-01,0.00060709
2021-03-02,0.00096648
2021-03-03,0.0019477399999999999
2021-03-04,0.00124355
2021-03-05,0.00047676
2021-03-06,0.00133487
2021-03-07,0.00205782
2021-03-08,0.0022577200000000004
2021-03-09,0.00413851
2021-03-10,0.00355574
2021-03-11,0.00192836
2021-03-12,0.00209599
2021-03-13,0.00266394
2021-03-14,0.0036961
2021-03-15,0.00295508
2021-03-16,0.0021636900000000002
2021-03-17,0.00272945
2021-03-18,0.0042828499999999995
2021-03-19,0.00086487
2021-03-20,0.00049906
2021-03-21,0.00032711999999999997
2021-03-22,0.00012786999999999998
2021-03-23,0.00027387
2021-03-24,0.00030000000000000003
2021-03-25,0.00030000000000000003
2021-03-26,0.00051536
2021-03-27,0.0005879500000000001
2021-03-28,0.00149863
2021-03-29,0.00239053
2021-03-30,0.00299927
2021-03-31,0.00202127
2021-04-01,0.00292389
2021-04-02,0.0030322500000000002
2021-04-03,0.0040037399999999996
2021-04-04,0.0010693
2021-04-05,0.00233432
2021-04-06,0.00337338
2021-04-07,0.00030000000000000003
2021-04-08,0.0005865
2021-04-09,0.00047232000000000003
2021-04-10,0.00185278
2021-04-11,0.00195047
2021-04-12,0.00265265
2021-04-13,0.0033370500000000003
2021-04-14,0.00291916
2021-04-15,0.00302285
2021-04-16,0.0031557399999999998
2021-04-17,0.00282988
2021-04-18,0.00025915
2021-04-19,0.0007470600000000001
2021-04-20,0.00114499
2021-04-21,0.00049116
2021-04-22,0.00030000000000000003
2021-04-23,0.00042517
2021-04-24,0.00030000000000000003
2021-04-25,0.00030619999999999996
2021-04-26,0.00030000000000000003
2021-04-27,0.00125221
2021-04-28,0.001079
2021-04-29,0.00070538
2021-04-30,0.0009887300000000002
2021-05-01,0.0019555799999999997
2021-05-02,0.0016476400000000001
2021-05-03,0.00143114
2021-05-04,0.00171654
2021-05-05,0.0015749800000000001
2021-05-06,0.00368126
2021-05-07,0.00296295
2021-05-08,0.0022962
2021-05-09,0.00144252
2021-05-10,0.0024267
2021-05-11,0.00057151
2021-05-12,0.0008101499999999999
2021-05-13,0.00042113000000000003
2021-05-14,0.00034439
2021-05-15,0.00107989
2021-05-16,0.00116796
2021-05-17,0.0014032699999999999
2021-05-18,0.00079571
2021-05-19,-0.00502794
2021-05-20,0.00031177
2021-05-21,0.00030000000000000003
2021-05-22,0.00030000000000000003
2021-05-23,0.00030000000000000003
2021-05-24,0.00030000000000000003
2021-05-25,0.00030000000000000003
2021-05-26,0.00030000000000000003
2021-05-27,0.00030000000000000003
2021-05-28,0.00030000000000000003
2021-05-29,0.00030000000000000003
2021-05-30,0.00030000000000000003
2021-05-31,0.00030000000000000003
2021-06-01,0.00030000000000000003
2021-06-02,0.00030000000000000003
2021-06-03,0.00030000000000000003
2021-06-04,0.00030000000000000003
2021-06-05,0.00030000000000000003
2021-06-06,0.00030000000000000003
2021-06-07,0.00030000000000000003
2021-06-08,0.00030000000000000003
2021-06-09,-6.665e-05
2021-06-10,0.00030000000000000003
2021-06-11,0.00030000000000000003
2021-06-12,0.00030000000000000003
2021-06-13,0.00030000000000000003
2021-06-14,0.00030000000000000003
2021-06-15,0.00030000000000000003
2021-06-16,0.00030000000000000003
2021-06-17,0.00030000000000000003
2021-06-18,0.00030000000000000003
2021-06-19,0.00025286000000000004
2021-06-20,-9.124e-05
2021-06-21,-0.00016749
2021-06-22,-0.00070956
2021-06-23,-0.0006158100000000001
2021-06-24,-0.00047767
2021-06-25,7.128e-05
2021-06-26,-0.00024036
2021-06-27,9.233e-05
2021-06-28,0.00030000000000000003
2021-06-29,0.00015186
2021-06-30,0.00030000000000000003
2021-07-01,0.00028824
2021-07-02,0.00030000000000000003
2021-07-03,0.00030000000000000003
2021-07-04,0.00030000000000000003
2021-07-05,0.00030000000000000003
2021-07-06,0.00030000000000000003
2021-07-07,0.00030000000000000003
2021-07-08,0.00030000000000000003
2021-07-09,0.00022573
2021-07-10,0.00030000000000000003
2021-07-11,0.00030000000000000003
2021-07-12,0.00030000000000000003
2021-07-13,0.00030000000000000003
2021-07-14,0.00030000000000000003
2021-07-15,0.00030000000000000003
2021-07-16,0.00030000000000000003
2021-07-17,0.00030000000000000003
2021-07-18,0.00030000000000000003
2021-07-19,0.00030000000000000003
2021-07-20,-2.273999999999999e-05
2021-07-21,-1.9300000000000035e-06
2021-07-22,0.00030000000000000003
2021-07-23,0.00030000000000000003
2021-07-24,0.00030000000000000003
2021-07-25,0.00030000000000000003
2021-07-26,0.00030000000000000003
2021-07-27,0.00030000000000000003
2021-07-28,0.00030000000000000003
2021-07-29,0.00030000000000000003
2021-07-30,0.00030000000000000003
2021-07-31,0.00030000000000000003
2021-08-01,0.00030000000000000003
2021-08-02,0.00030000000000000003
2021-08-03,0.00030000000000000003
2021-08-04,0.00030000000000000003
2021-08-05,0.00030194
2021-08-06,0.00030000000000000003
2021-08-07,0.00089507
2021-08-08,0.00078715
2021-08-09,0.00032233
2021-08-10,0.0005606
2021-08-11,0.00089157
2021-08-12,0.00056762
2021-08-13,0.00033008
2021-08-14,0.00051189
2021-08-15,0.00089641
2021-08-16,0.00177088
2021-08-17,0.00192727
2021-08-18,0.00030000000000000003
2021-08-19,0.00073361
2021-08-20,0.0012541700000000002
2021-08-21,0.00134884
2021-08-22,0.00057172
2021-08-23,0.00091108
2021-08-24,0.0013532799999999999
2021-08-25,0.00030000000000000003
2021-08-26,0.00030000000000000003
2021-08-27,0.00030000000000000003
2021-08-28,0.00029474000000000004
2021-08-29,0.00034102000000000004
2021-08-30,0.0004077
2021-08-31,0.00100829
2021-09-01,0.00141959
2021-09-02,0.00263709
2021-09-03,0.00162174
2021-09-04,0.00181219
2021-09-05,0.00267368
2021-09-06,0.00199473
2021-09-07,0.00030000000000000003
2021-09-08,0.0009054099999999999
2021-09-09,0.0005082800000000001
2021-09-10,0.00062168
2021-09-11,0.00034182
2021-09-12,0.00064583
2021-09-13,0.00050508
2021-09-14,0.00030000000000000003
2021-09-15,0.00080472
2021-09-16,0.00146951
2021-09-17,0.0011995
2021-09-18,0.00030000000000000003
2021-09-19,0.00032745
2021-09-20,0.00040317
2021-09-21,0.00030000000000000003
2021-09-22,0.00030000000000000003
2021-09-23,0.00030000000000000003
2021-09-24,0.00030000000000000003
2021-09-25,0.00030000000000000003
2021-09-26,0.00030000000000000003
2021-09-27,0.00030000000000000003
2021-09-28,0.00030000000000000003
2021-09-29,0.00030000000000000003
2021-09-30,0.00030000000000000003
2021-10-01,0.00030000000000000003
2021-10-02,0.00030000000000000003
2021-10-03,0.00030000000000000003
2021-10-04,0.00030000000000000003
2021-10-05,0.00031849
2021-10-06,0.00083939
2021-10-07,0.00121544
2021-10-08,0.0005301
2021-10-09,0.00068988
2021-10-10,0.00111827
2021-10-11,0.0005121699999999999
2021-10-12,0.00030000000000000003
2021-10-13,0.00030000000000000003
2021-10-14,0.00052334
2021-10-15,0.00044479999999999997
2021-10-16,0.0006851100000000001
2021-10-17,0.00095578
2021-10-18,0.00051949
2021-10-19,0.00081538
2021-10-20,0.00052403
2021-10-21,0.0012748899999999999
2021-10-22,0.00082194
2021-10-23,0.00121375
2021-10-24,0.00196497
2021-10-25,0.0009156500000000001
2021-10-26,0.00154268
2021-10-27,0.0009608100000000001
2021-10-28,0.00030000000000000003
2021-10-29,0.00030000000000000003
2021-10-30,0.00030269
2021-10-31,0.00047856
2021-11-01,0.00078439
2021-11-02,0.0011066700000000001
2021-11-03,0.0009901200000000001
2021-11-04,0.00030000000000000003
2021-11-05,0.00059814
2021-11-06,0.00030000000000000003
2021-11-07,0.00030000000000000003
2021-11-08,0.0015409999999999998
2021-11-09,0.0010317899999999999
2021-11-10,0.00118346
2021-11-11,0.00045837000000000004
2021-11-12,0.00030000000000000003
2021-11-13,0.00042258
2021-11-14,0.00030000000000000003
2021-11-15,0.00030613
2021-11-16,0.00030000000000000003
2021-11-17,0.00030000000000000003
2021-11-18,0.00030000000000000003
2021-11-19,0.00030000000000000003
2021-11-20,0.00030000000000000003
2021-11-21,0.00035517999999999997
2021-11-22,0.00030000000000000003
2021-11-23,0.00030000000000000003
2021-11-24,0.00030000000000000003
2021-11-25,0.00060662
2021-11-26,0.00076275
2021-11-27,0.00030000000000000003
2021-11-28,0.00030000000000000003
2021-11-29,0.00030000000000000003
2021-11-30,0.00030000000000000003
2021-12-01,0.00030000000000000003
2021-12-02,0.00030000000000000003
2021-12-03,0.00030000000000000003
2021-12-04,9.462000000000001e-05
2021-12-05,0.00030000000000000003
2021-12-06,0.00030000000000000003
2021-12-07,0.00017126
2021-12-08,0.00030000000000000003
2021-12-09,0.00030000000000000003
2021-12-10,0.00030000000000000003
2021-12-11,0.00030000000000000003
2021-12-12,0.00030000000000000003
2021-12-13,0.00030000000000000003
2021-12-14,7.487000000000002e-05
2021-12-15,0.00030000000000000003
2021-12-16,0.00027386
2021-12-17,0.00030000000000000003
2021-12-18,0.00030000000000000003
2021-12-19,0.00030000000000000003
2021-12-20,0.00030000000000000003
2021-12-21,0.00030000000000000003
2021-12-22,0.00030000000000000003
2021-12-23,0.00030000000000000003
2021-12-24,0.00030000000000000003
2021-12-25,0.00030000000000000003
2021-12-26,0.00030000000000000003
2021-12-27,0.00030000000000000003
2021-12-28,0.00030000000000000003
2021-12-29,0.00030000000000000003
2021-12-30,0.00030000000000000003
2021-12-31,0.00030000000000000003
2022-01-01,0.00030000000000000003
2022-01-02,0.00030000000000000003
2022-01-03,0.00030000000000000003
2022-01-04,0.00030000000000000003
2022-01-05,0.00030000000000000003
2022-01-06,0.00030000000000000003
2022-01-07,0.00030000000000000003
2022-01-08,0.00030000000000000003
2022-01-09,0.00030000000000000003
2022-01-10,0.00030000000000000003
2022-01-11,0.00030000000000000003
2022-01-12,0.00030000000000000003
2022-01-13,0.00030000000000000003
2022-01-14,0.00030000000000000003
2022-01-15,0.00030000000000000003
2022-01-16,0.00030000000000000003
2022-01-17,0.00030000000000000003
2022-01-18,0.00030000000000000003
2022-01-19,0.00030000000000000003
2022-01-20,0.00030000000000000003
2022-01-21,0.00024765000000000003
2022-01-22,0.00017091
2022-01-23,-0.0005143600000000001
2022-01-24,-0.00014539000000000002
2022-01-25,-0.00025163
2022-01-26,-0.00045305
2022-01-27,-0.00053153
2022-01-28,-0.00042509000000000004
2022-01-29,2.6470000000000002e-05
2022-01-30,-0.00025005000000000003
2022-01-31,-0.00041663000000000003
2022-02-01,-0.00010863
2022-02-02,-0.00011401
2022-02-03,-7.559e-05
2022-02-04,-0.00026375
2022-02-05,0.00025279
2022-02-06,0.00023195
2022-02-07,5.5610000000000005e-05
2022-02-08,-0.0004081
2022-02-09,-1.4840000000000014e-05
2022-02-10,-0.00026019
2022-02-11,-0.00017976
2022-02-12,-0.0001195
2022-02-13,-0.0006487999999999999
2022-02-14,-0.0001053
2022-02-15,-7.579e-05
2022-02-16,0.00028325000000000003
2022-02-17,0.00020798000000000002
2022-02-18,5.6699999999999915e-06
2022-02-19,5.584e-05
2022-02-20,0.00011064000000000001
2022-02-21,-7.717999999999999e-05
2022-02-22,-0.00072483
2022-02-23,-0.00026541
2022-02-24,0.00023882
2022-02-25,0.00020940000000000002
2022-02-26,-0.00010957
2022-02-27,-8.537999999999999e-05
2022-02-28,-2.053999999999999e-05
2022-03-01,0.00030000000000000003
2022-03-02,0.00030000000000000003
2022-03-03,0.00030000000000000003
2022-03-04,0.00022142
2022-03-05,3.571e-05
2022-03-06,0.00019910000000000001
2022-03-07,-9.031e-05
2022-03-08,0.00022814
2022-03-09,0.00014978000000000002
2022-03-10,0.00013119
2022-03-11,1.979e-05
2022-03-12,0.00027313
2022-03-13,0.0002332
2022-03-14,0.00030000000000000003
2022-03-15,0.00030000000000000003
2022-03-16,0.00030000000000000003
2022-03-17,0.00030000000000000003
2022-03-18,0.00030000000000000003
2022-03-19,0.00030000000000000003
2022-03-20,0.00030000000000000003
2022-03-21,0.00020551
2022-03-22,0.00030000000000000003
2022-03-23,0.00030000000000000003
2022-03-24,0.00030000000000000003
2022-03-25,0.00030000000000000003
2022-03-26,0.00030000000000000003
2022-03-27,0.00028569
2022-03-28,0.00023885
2022-03-29,0.00030000000000000003
2022-03-30,0.00030000000000000003
2022-03-31,0.00030000000000000003
2022-04-01,0.00030000000000000003
2022-04-02,0.00030000000000000003
2022-04-03,0.00030000000000000003
2022-04-04,0.00030000000000000003
2022-04-05,0.00030000000000000003
2022-04-06,0.00030000000000000003
2022-04-07,0.00018001
2022-04-08,0.00016274
2022-04-09,-0.00017074
2022-04-10,-1.602e-05
2022-04-11,0.0002877
2022-04-12,-5.8979999999999994e-05
2022-04-13,1.424e-05
2022-04-14,0.00011051
2022-04-15,8.888e-05
2022-04-16,6.347e-05
2022-04-17,0.00026873
2022-04-18,-9.857e-05
2022-04-19,0.00027619
2022-04-20,0.00030000000000000003
2022-04-21,0.00030000000000000003
2022-04-22,0.00024562
2022-04-23,9.622000000000001e-05
2022-04-24,1.8630000000000003e-05
2022-04-25,-8.149000000000001e-05
2022-04-26,4.035000000000001e-05
2022-04-27,7.429999999999995e-06
2022-04-28,-0.00018994000000000001
2022-04-29,0.00016546
2022-04-30,0.00013908
2022-05-01,-0.00053313
2022-05-02,-0.00017058999999999998
2022-05-03,6.051e-05
2022-05-04,-1.329e-05
2022-05-05,0.00012612
2022-05-06,-0.00019271000000000002
2022-05-07,-7.167999999999999e-05
2022-05-08,4.191e-05
2022-05-09,-0.00031800999999999997
2022-05-10,-0.00015046
2022-05-11,-0.00205368
2022-05-12,-0.00390411
2022-05-13,-0.00187517
2022-05-14,-0.0007398
2022-05-15,-0.00020423000000000001
2022-05-16,-0.000389
2022-05-17,-0.00033729
2022-05-18,-0.00017920000000000002
2022-05-19,-9.301e-05
2022-05-20,-4.659e-05
2022-05-21,-0.00014334
2022-05-22,5.183e-05
2022-05-23,0.00021451
2022-05-24,-0.00038731
2022-05-25,0.00011083999999999999
2022-05-26,-0.00023295
2022-05-27,-0.00014971
2022-05-28,-2.546e-05
2022-05-29,9.425e-05
2022-05-30,0.00028839
2022-05-31,0.00030000000000000003
2022-06-01,0.00030000000000000003
2022-06-02,-0.00015353
2022-06-03,7.017e-05
2022-06-04,-0.00012377
2022-06-05,-0.00022666
2022-06-06,0.00015040000000000002
2022-06-07,-2.5600000000000026e-05
2022-06-08,-3.937000000000001e-05
2022-06-09,5.310000000000002e-06
2022-06-10,4.439e-05
2022-06-11,-0.00050842
2022-06-12,-0.00084194
2022-06-13,-0.0008148
2022-06-14,-0.0005583000000000001
2022-06-15,-0.00020855
2022-06-16,-0.00018318000000000002
2022-06-17,-0.00052762
2022-06-18,-0.00025097
2022-06-19,-0.00020243
2022-06-20,0.00019257
2022-06-21,-0.00014649
2022-06-22,-0.0002855
2022-06-23,-1.1239999999999994e-05
2022-06-24,-9.929999999999995e-06
2022-06-25,9.402e-05
2022-06-26,0.00018406
2022-06-27,-0.0001953
2022-06-28,-0.00022212
2022-06-29,6.91e-06
2022-06-30,-9.782000000000001e-05
2022-07-01,-0.00024136
2022-07-02,-0.00017569
2022-07-03,-5.825e-05
2022-07-04,-0.00014056
2022-07-05,-0.00015629
2022-07-06,8.423e-05
2022-07-07,1.2950000000000003e-05
2022-07-08,2.1930000000000002e-05
2022-07-09,0.00021249000000000002
2022-07-10,0.00025998000000000004
2022-07-11,0.00026141
2022-07-12,-2.7759999999999995e-05
2022-07-13,-0.00031146
2022-07-14,0.00011604000000000001
2022-07-15,0.00022787
2022-07-16,0.00022573
2022-07-17,0.00030000000000000003
2022-07-18,0.00024956
2022-07-19,0.00030000000000000003
2022-07-20,0.00030000000000000003
2022-07-21,0.00030000000000000003
2022-07-22,0.00030000000000000003
2022-07-23,0.00023201
2022-07-24,0.00014416
2022-07-25,8.342000000000001e-05
2022-07-26,0.00014481999999999999
2022-07-27,6.028e-05
2022-07-28,0.00030000000000000003
2022-07-29,0.00030000000000000003
2022-07-30,0.00030000000000000003
2022-07-31,0.00030000000000000003
2022-08-01,0.0002122
2022-08-02,7.9e-05
2022-08-03,-0.00022570999999999998
2022-08-04,-9.22e-05
2022-08-05,0.00022368
2022-08-06,0.00030000000000000003
2022-08-07,0.00024806000000000003
2022-08-08,0.00030000000000000003
2022-08-09,0.00030000000000000003
2022-08-10,0.00026131
2022-08-11,0.00030000000000000003
2022-08-12,0.00030000000000000003
2022-08-13,0.00030000000000000003
2022-08-14,0.00025903
2022-08-15,0.00030000000000000003
2022-08-16,0.00022382
2022-08-17,9.287e-05
2022-08-18,-0.00021239000000000002
2022-08-19,-0.0007160000000000001
2022-08-20,-0.00018931
2022-08-21,-0.00045259
2022-08-22,-0.00044997
2022-08-23,6.431000000000001e-05
2022-08-24,-1.2699999999999992e-05
2022-08-25,-0.000242
2022-08-26,-0.00051361
2022-08-27,-0.0011067199999999998
2022-08-28,-0.00093328
2022-08-29,-0.0007524000000000001
2022-08-30,-6.139e-05
2022-08-31,6.858999999999999e-05
2022-09-01,-9.203999999999999e-05
2022-09-02,0.0002278
2022-09-03,-0.00033162999999999997
2022-09-04,0.00015345000000000002
2022-09-05,0.00020075
2022-09-06,0.00029084
2022-09-07,-0.00025632
2022-09-08,0.00030000000000000003
2022-09-09,0.00030000000000000003
2022-09-10,0.00030000000000000003
2022-09-11,0.00024804
2022-09-12,0.00022135
2022-09-13,0.00012219
2022-09-14,-0.00046221
2022-09-15,-8.829999999999997e-06
2022-09-16,0.00021308999999999998
2022-09-17,0.00010611
2022-09-18,0.00016838
2022-09-19,-0.00011341
2022-09-20,0.00016459
2022-09-21,-2.6929999999999998e-05
2022-09-22,-0.00022279
2022-09-23,9.836000000000001e-05
2022-09-24,0.00030000000000000003
2022-09-25,0.00030000000000000003
2022-09-26,0.00019359
2022-09-27,0.00029514
2022-09-28,-0.00024004
2022-09-29,0.00019328
2022-09-30,0.00018882000000000003
2022-10-01,-3.666e-05
2022-10-02,-0.00018086
2022-10-03,0.00016021
2022-10-04,9.017000000000001e-05
2022-10-05,0.00010684
2022-10-06,0.00013003
2022-10-07,-6.328999999999999e-05
2022-10-08,0.00019920000000000002
2022-10-09,-9.865000000000001e-05
2022-10-10,0.00030000000000000003
2022-10-11,0.00021173
2022-10-12,6.852e-05
2022-10-13,-0.00016203
2022-10-14,7.680999999999999e-05
2022-10-15,-0.00012307
2022-10-16,-0.00016503999999999998
2022-10-17,-4.332e-05
2022-10-18,0.00021271000000000001
2022-10-19,0.00023131
2022-10-20,0.00028450000000000003
2022-10-21,0.00014846
2022-10-22,-0.00026942
2022-10-23,0.00012812
2022-10-24,0.00016791
2022-10-25,9.168999999999998e-05
2022-10-26,0.00020893000000000002
2022-10-27,0.00025306
2022-10-28,6.987e-05
2022-10-29,0.00030000000000000003
2022-10-30,0.00027022
2022-10-31,0.00025671
2022-11-01,-0.00017825
2022-11-02,2.141e-05
2022-11-03,-0.00016448000000000002
2022-11-04,0.00010972000000000001
2022-11-05,0.00030000000000000003
2022-11-06,0.00030000000000000003
2022-11-07,0.00029319000000000003
2022-11-08,-0.00219023
2022-11-09,-0.05
2022-11-10,-0.17166137
2022-11-11,-0.03584739
2022-11-12,-0.0177
2022-11-13,-0.00869353
2022-11-14,-0.01439738
2022-11-15,-0.00506481
2022-11-16,-0.0077782
2022-11-17,-0.00768396
2022-11-18,-0.00323504
2022-11-19,-0.00235907
2022-11-20,-0.00197901
2022-11-21,-0.00242879
2022-11-22,-0.00163166
2022-11-23,-0.0015057999999999998
2022-11-24,-0.00455619
2022-11-25,-0.00149173
2022-11-26,-0.0010576499999999998
2022-11-27,-0.00223857
2022-11-28,-0.00838202
2022-11-29,-0.00140554
2022-11-30,-0.00230822
2022-12-01,-0.00118273
2022-12-02,-0.0027346500000000004
2022-12-03,-0.00038283999999999996
2022-12-04,-0.00019403999999999998
2022-12-05,0.00013394
2022-12-06,0.00017885
2022-12-07,0.00012660999999999998
2022-12-08,-0.00021310000000000003
2022-12-09,-5.2130000000000004e-05
2022-12-10,-0.00021599
2022-12-11,-0.00015448
2022-12-12,-0.00059453
2022-12-13,8.366000000000001e-05
2022-12-14,0.00030000000000000003
2022-12-15,0.00030000000000000003
2022-12-16,0.00016068
2022-12-17,-0.00087348
2022-12-18,-0.00109235
2022-12-19,-0.0010162399999999999
2022-12-20,-0.00074002
2022-12-21,-0.00076454
2022-12-22,-0.00065681
2022-12-23,-6.889000000000001e-05
2022-12-24,-0.00276907
2022-12-25,-0.00161977
2022-12-26,-0.00088032
2022-12-27,-0.0003071
2022-12-28,-0.00102126
2022-12-29,-0.0007444299999999999
2022-12-30,-0.00734818
2022-12-31,-0.00559667
2023-01-01,-0.00229626
2023-01-02,-0.00215677
2023-01-03,-0.01279568
2023-01-04,-0.01422725
2023-01-05,-0.0025117900000000003
2023-01-06,-0.00388916
2023-01-07,-0.00120637
2023-01-08,-0.00097178
2023-01-09,-2.749999999999999e-05
2023-01-10,4.6530000000000003e-05
2023-01-11,-0.00016618
2023-01-12,-0.00024772
2023-01-13,-0.00061915
2023-01-14,0.00047702
2023-01-15,0.00072789
2023-01-16,0.0007160300000000001
2023-01-17,0.00032293
2023-01-18,0.00030000000000000003
2023-01-19,0.00030000000000000003
2023-01-20,0.00030000000000000003
2023-01-21,0.00050268
2023-01-22,0.00030000000000000003
2023-01-23,0.00030000000000000003
2023-01-24,0.00033079
2023-01-25,0.00021239000000000002
2023-01-26,0.00030000000000000003
2023-01-27,0.00030000000000000003
2023-01-28,0.00033046
2023-01-29,0.00030000000000000003
2023-01-30,0.00070275
2023-01-31,0.00030000000000000003
2023-02-01,0.00030000000000000003
2023-02-02,0.00046236
2023-02-03,0.00023579
2023-02-04,0.00030000000000000003
2023-02-05,-0.00017960999999999997
2023-02-06,0.00015932
2023-02-07,1.7749999999999998e-05
2023-02-08,0.00018969
2023-02-09,1.0910000000000016e-05
2023-02-10,-0.00020233
2023-02-11,-0.00057645
2023-02-12,-0.00114292
2023-02-13,-0.00033055
2023-02-14,-0.00041838
2023-02-15,0.00011030999999999999
2023-02-16,0.00030000000000000003
2023-02-17,0.00030000000000000003
2023-02-18,0.00030000000000000003
2023-02-19,0.00034645
2023-02-20,0.0004907
2023-02-21,0.00036004
2023-02-22,0.00030000000000000003
2023-02-23,0.00030000000000000003
2023-02-24,0.00030000000000000003
2023-02-25,0.00016781
2023-02-26,-0.0001388
2023-02-27,0.00024164
2023-02-28,0.00024109
2023-03-01,0.00025877
2023-03-02,0.00011899000000000001
2023-03-03,0.00014419
2023-03-04,0.00020592
2023-03-05,0.00030000000000000003
2023-03-06,0.00011418000000000001
2023-03-07,-0.00029228
2023-03-08,-0.00036839
2023-03-09,-0.00010049
2023-03-10,-0.00029436
2023-03-11,-0.00091462
2023-03-12,-0.00026112
2023-03-13,0.00030000000000000003
2023-03-14,0.00030000000000000003
2023-03-15,0.00038064
2023-03-16,-0.00017658
2023-03-17,-9.08e-05
2023-03-18,0.00047580999999999996
2023-03-19,0.00030000000000000003
2023-03-20,0.00030000000000000003
2023-03-21,0.00030000000000000003
2023-03-22,0.00026109
2023-03-23,2.940000000000001e-05
2023-03-24,0.00030000000000000003
2023-03-25,-0.00016976
2023-03-26,-0.00016843
2023-03-27,0.00015901
2023-03-28,-0.00011222
2023-03-29,2.173000000000001e-05
2023-03-30,5.877000000000001e-05
2023-03-31,-0.0001739
2023-04-01,0.00030000000000000003
2023-04-02,0.00020611000000000002
2023-04-03,-4.6649999999999996e-05
2023-04-04,0.00020298
2023-04-05,0.00030000000000000003
2023-04-06,0.00019040000000000002
2023-04-07,-6.960000000000001e-05
2023-04-08,0.00022836000000000002
2023-04-09,8.441e-05
2023-04-10,0.00026116
2023-04-11,0.00030000000000000003
2023-04-12,0.00030000000000000003
2023-04-13,0.00019787
2023-04-14,0.00030000000000000003
2023-04-15,0.00030000000000000003
2023-04-16,0.00045575
2023-04-17,0.00078717
2023-04-18,0.00030000000000000003
2023-04-19,0.00014426
2023-04-20,0.00030000000000000003
2023-04-21,0.00016425
2023-04-22,-3.2409999999999996e-05
2023-04-23,0.00012169
2023-04-24,0.0001968
2023-04-25,-2.8359999999999996e-05
2023-04-26,0.00017204
2023-04-27,-4.907e-05
2023-04-28,0.00030000000000000003
2023-04-29,0.00026328
2023-04-30,0.00022542
2023-05-01,0.00021535
2023-05-02,-1.4500000000000014e-06
2023-05-03,9.056e-05
2023-05-04,0.00019773000000000002
2023-05-05,0.00023223000000000002
2023-05-06,0.00022441
2023-05-07,7.777000000000001e-05
2023-05-08,4.8530000000000005e-05
2023-05-09,-0.00030642
2023-05-10,-1.5070000000000001e-05
2023-05-11,0.00012843
2023-05-12,0.00010196
2023-05-13,0.00018198
2023-05-14,0.00020938
2023-05-15,0.00015832
2023-05-16,0.00026067
2023-05-17,0.00022746000000000002
2023-05-18,0.0002295
2023-05-19,2.7699999999999996e-05
2023-05-20,0.00015127
2023-05-21,0.00029479
2023-05-22,0.00020809000000000002
2023-05-23,0.00029997
2023-05-24,0.00026235
2023-05-25,0.00021553000000000002
2023-05-26,0.00030000000000000003
2023-05-27,0.00030000000000000003
2023-05-28,0.00030000000000000003
2023-05-29,0.00030000000000000003
2023-05-30,0.00030000000000000003
2023-05-31,0.00030000000000000003
2023-06-01,0.00030000000000000003
2023-06-02,0.00030000000000000003
2023-06-03,0.00030000000000000003
2023-06-04,0.00030000000000000003
2023-06-05,0.00030000000000000003
2023-06-06,-2.492e-05
2023-06-07,0.00028161
2023-06-08,-0.00013098
2023-06-09,5.01e-05
2023-06-10,-0.00059945
2023-06-11,-0.00076533
2023-06-12,-5.803e-05
2023-06-13,-1.509e-05
2023-06-14,-0.00020024
2023-06-15,-4.872999999999999e-05
2023-06-16,6.007e-05
2023-06-17,8.339e-05
2023-06-18,-8.488e-05
2023-06-19,-0.00020276
2023-06-20,-0.00015182000000000002
2023-06-21,9.748e-05
2023-06-22,5.954e-05
2023-06-23,0.00018533000000000002
2023-06-24,4.425e-05
2023-06-25,-3.309000000000001e-05
2023-06-26,1.6879999999999994e-05
2023-06-27,0.00017114000000000002
2023-06-28,0.00013657
2023-06-29,0.00021700000000000002
2023-06-30,0.00024827
2023-07-01,0.00022201000000000002
2023-07-02,0.00030000000000000003
2023-07-03,0.00030000000000000003
2023-07-04,0.00026327
2023-07-05,0.00024304
2023-07-06,0.00019471
2023-07-07,-4.002999999999998e-05
2023-07-08,5.6120000000000005e-05
2023-07-09,-2.9599999999999988e-06
2023-07-10,0.00014654000000000002
2023-07-11,-0.00013437
2023-07-12,2.9029999999999998e-05
2023-07-13,-0.00012766999999999998
2023-07-14,0.00057435
2023-07-15,0.00030000000000000003
2023-07-16,0.00030000000000000003
2023-07-17,0.00030000000000000003
2023-07-18,0.00029171000000000004
2023-07-19,0.00030000000000000003
2023-07-20,0.00027165
2023-07-21,9.076e-05
2023-07-22,0.00022099
2023-07-23,0.00024831
2023-07-24,0.00024329
2023-07-25,5.3349999999999996e-05
2023-07-26,0.00013752
2023-07-27,0.00013521
2023-07-28,0.00030000000000000003
2023-07-29,0.00028555000000000003
2023-07-30,0.00029213000000000004
2023-07-31,0.00011376999999999999
2023-08-01,0.00024913
2023-08-02,6.234e-05
2023-08-03,4.4449999999999996e-05
2023-08-04,8.626e-05
2023-08-05,0.00016512
2023-08-06,0.00016502000000000002
2023-08-07,0.00027203000000000004
2023-08-08,0.0002721
2023-08-09,0.00016402
2023-08-10,0.00030000000000000003
2023-08-11,0.00025018
2023-08-12,0.00030000000000000003
2023-08-13,0.00022619
2023-08-14,0.00020226
2023-08-15,0.00027225000000000003
2023-08-16,0.00025907
2023-08-17,0.00013088
2023-08-18,-0.00023562
2023-08-19,-0.00018771
2023-08-20,-0.00016722
2023-08-21,-0.00011525999999999999
2023-08-22,8.768e-05
2023-08-23,-0.00012464000000000003
2023-08-24,-0.00017553
2023-08-25,-0.00032477
2023-08-26,-0.0005691299999999999
2023-08-27,-0.00046310000000000004
2023-08-28,-2.8349999999999998e-05
2023-08-29,-0.0003146
2023-08-30,0.00020957000000000001
2023-08-31,-0.00022774
2023-09-01,-0.00017735
2023-09-02,-0.00013141000000000002
2023-09-03,-7.56e-05
2023-09-04,-3.382999999999999e-05
2023-09-05,-0.00015254
2023-09-06,2.302e-05
2023-09-07,-2.4659999999999998e-05
2023-09-08,-0.00043625
2023-09-09,-0.00048634000000000004
2023-09-10,-0.00110387
2023-09-11,-0.00065799
2023-09-12,-0.00017032
2023-09-13,-0.0003864
2023-09-14,-0.00055771
2023-09-15,-0.00034166999999999997
2023-09-16,-0.00018214000000000001
2023-09-17,-0.00034065
2023-09-18,-0.00052766
2023-09-19,-6.741e-05
2023-09-20,-0.00032153
2023-09-21,2.7340000000000006e-05
2023-09-22,6.823e-05
2023-09-23,0.00021927
2023-09-24,0.00015926
2023-09-25,1.0560000000000004e-05
2023-09-26,-2.4750000000000005e-05
2023-09-27,0.00013258
2023-09-28,-0.00010045999999999997
2023-09-29,-0.00014352
2023-09-30,-0.0005639499999999999
2023-10-01,-0.00035046000000000003
2023-10-02,0.00012041000000000001
2023-10-03,-0.00016043999999999997
2023-10-04,-0.00033803
2023-10-05,-0.00051404
2023-10-06,-0.00010075
2023-10-07,-0.00015936
2023-10-08,-0.00014371000000000002
2023-10-09,-0.0002096
2023-10-10,-0.00042926
2023-10-11,-0.00020233000000000002
2023-10-12,-4.624e-05
2023-10-13,-0.00019459
2023-10-14,-0.00054204
2023-10-15,-4.979999999999999e-05
2023-10-16,-0.00030237
2023-10-17,-0.00011026
2023-10-18,0.00013979
2023-10-19,-0.00027338
2023-10-20,-0.0006226900000000001
2023-10-21,-0.00011852999999999999
2023-10-22,-8.889999999999999e-05
2023-10-23,1.609e-05
2023-10-24,0.00030000000000000003
2023-10-25,0.00030000000000000003
2023-10-26,0.00024969
2023-10-27,0.00030000000000000003
2023-10-28,0.00030000000000000003
2023-10-29,0.00030000000000000003
2023-10-30,0.00029376
2023-10-31,0.00024712000000000003
2023-11-01,-0.00039513
2023-11-02,0.00030000000000000003
2023-11-03,0.00030000000000000003
2023-11-04,0.00030000000000000003
2023-11-05,0.00030000000000000003
2023-11-06,0.00035286
2023-11-07,0.00040579
2023-11-08,0.00037143
2023-11-09,0.00048089
2023-11-10,0.00036897
2023-11-11,0.00050654
2023-11-12,0.00084764
2023-11-13,0.00093719
2023-11-14,0.00084577
2023-11-15,0.00049883
2023-11-16,0.00076596
2023-11-17,0.00030000000000000003
2023-11-18,0.00030000000000000003
2023-11-19,0.00030000000000000003
2023-11-20,0.00030000000000000003
2023-11-21,0.00030000000000000003
2023-11-22,0.00030000000000000003
2023-11-23,0.00030000000000000003
2023-11-24,0.00030000000000000003
2023-11-25,0.00030000000000000003
2023-11-26,0.00030000000000000003
2023-11-27,0.00030000000000000003
2023-11-28,0.00030000000000000003
2023-11-29,0.00030000000000000003
2023-11-30,0.00030000000000000003
2023-12-01,0.00030000000000000003
2023-12-02,0.00050174
2023-12-03,0.00048645
2023-12-04,0.00073853
2023-12-05,0.00030000000000000003
2023-12-06,0.0008295399999999999
2023-12-07,0.00056868
2023-12-08,0.00105651
2023-12-09,0.00081615
2023-12-10,0.0008373499999999999
2023-12-11,0.00047221000000000003
2023-12-12,0.00046862
2023-12-13,0.00030000000000000003
2023-12-14,0.00030000000000000003
2023-12-15,0.00065952
2023-12-16,0.00030000000000000003
2023-12-17,0.00030000000000000003
2023-12-18,0.00030000000000000003
2023-12-19,0.0003033
2023-12-20,0.00057376
2023-12-21,0.00030000000000000003
2023-12-22,0.0008079300000000001
2023-12-23,0.00038694
2023-12-24,0.00072735
2023-12-25,0.00101665
2023-12-26,0.00056644
2023-12-27,0.00118845
2023-12-28,0.00224689
2023-12-29,0.0013556100000000001
2023-12-30,0.00101621
2023-12-31,0.0012805100000000001
2024-01-01,0.00106876
2024-01-02,0.00201112
2024-01-03,0.00055757
2024-01-04,0.00030000000000000003
2024-01-05,0.00030000000000000003
2024-01-06,0.00030000000000000003
2024-01-07,0.00030000000000000003
2024-01-08,0.00030000000000000003
2024-01-09,0.00030000000000000003
2024-01-10,0.00030000000000000003
2024-01-11,0.00030000000000000003
2024-01-12,0.00030000000000000003
2024-01-13,0.00030000000000000003
2024-01-14,0.00030000000000000003
2024-01-15,0.00030000000000000003
2024-01-16,0.00030000000000000003
2024-01-17,0.00030000000000000003
2024-01-18,0.00030000000000000003
2024-01-19,0.00030000000000000003
2024-01-20,0.00030000000000000003
2024-01-21,0.00030000000000000003
2024-01-22,0.00030000000000000003
2024-01-23,0.00030000000000000003
2024-01-24,0.00030000000000000003
2024-01-25,0.00030000000000000003
2024-01-26,0.00027999000000000003
2024-01-27,0.00030000000000000003
2024-01-28,0.00021470000000000001
2024-01-29,0.00023929000000000002
2024-01-30,0.00024333000000000002
2024-01-31,0.00025702
2024-02-01,0.00022601
2024-02-02,0.00030000000000000003
2024-02-03,0.00029726000000000004
2024-02-04,0.00030000000000000003
2024-02-05,0.00030000000000000003
2024-02-06,0.00025616
2024-02-07,0.00030000000000000003
2024-02-08,0.00030000000000000003
2024-02-09,0.00020144
2024-02-10,0.00030000000000000003
2024-02-11,0.00030000000000000003
2024-02-12,0.00030000000000000003
2024-02-13,0.00034166
2024-02-14,0.00049225
2024-02-15,0.00041504000000000004
2024-02-16,0.00071372
2024-02-17,0.00087986
2024-02-18,0.00064364
2024-02-19,0.0009174
2024-02-20,0.00109146
2024-02-21,0.0005929500000000001
2024-02-22,0.0005573900000000001
2024-02-23,0.00076087
2024-02-24,0.0008647500000000001
2024-02-25,0.00111466
2024-02-26,0.00149379
2024-02-27,0.00180881
2024-02-28,0.00151905
2024-02-29,0.00269452
2024-03-01,0.0018845099999999998
2024-03-02,0.00211915
2024-03-03,0.00188912
2024-03-04,0.00216008
2024-03-05,0.00305449
2024-03-06,0.0008455
2024-03-07,0.00145656
2024-03-08,0.0016830999999999999
2024-03-09,0.0012143800000000001
2024-03-10,0.00158963
2024-03-11,0.00171017
2024-03-12,0.00200928
2024-03-13,0.00198492
2024-03-14,0.0015722499999999999
2024-03-15,0.00124785
2024-03-16,0.00050717
2024-03-17,0.00054966
2024-03-18,0.00081081
2024-03-19,0.00051227
2024-03-20,0.00048576
2024-03-21,0.00061204
2024-03-22,0.00045055
2024-03-23,0.00047176
2024-03-24,0.00058834
2024-03-25,0.00059333
2024-03-26,0.00085147
2024-03-27,0.00097769
2024-03-28,0.00103218
2024-03-29,0.0012124
2024-03-30,0.0016561800000000002
2024-03-31,0.00143696
2024-04-01,0.00159215
2024-04-02,0.0004171
2024-04-03,0.00037114
2024-04-04,0.00036815000000000003
2024-04-05,0.00030000000000000003
2024-04-06,0.00030000000000000003
2024-04-07,0.00030000000000000003
2024-04-08,0.00057653
2024-04-09,0.00037423
2024-04-10,0.000853
2024-04-11,0.00079083
2024-04-12,0.00081584
2024-04-13,0.00030000000000000003
2024-04-14,0.00030000000000000003
2024-04-15,0.00015298
2024-04-16,1.16e-05
2024-04-17,7.734e-05
2024-04-18,0.00020681
2024-04-19,5.02e-05
2024-04-20,0.00020778
2024-04-21,8.340999999999999e-05
2024-04-22,9.229e-05
2024-04-23,-3.907e-05
2024-04-24,0.0001162
2024-04-25,0.00022239000000000002
2024-04-26,0.00023095
2024-04-27,5.181e-05
2024-04-28,0.00015762
2024-04-29,0.00030000000000000003
2024-04-30,0.00020486000000000001
2024-05-01,0.00015539000000000001
2024-05-02,0.00011808
2024-05-03,3.599e-05
2024-05-04,-6.382e-05
2024-05-05,0.00021435
2024-05-06,0.00021074
2024-05-07,8.518e-05
2024-05-08,0.00030000000000000003
2024-05-09,0.00021310000000000003
2024-05-10,0.00017168
2024-05-11,0.00019275
2024-05-12,0.00013584
2024-05-13,0.00019054
2024-05-14,0.00023533
2024-05-15,0.00011993
2024-05-16,0.00030000000000000003
2024-05-17,0.00014922999999999998
2024-05-18,0.00013984000000000002
2024-05-19,0.00014469
2024-05-20,0.00026762
2024-05-21,0.00030000000000000003
2024-05-22,0.00030000000000000003
2024-05-23,0.00030000000000000003
2024-05-24,0.00030000000000000003
2024-05-25,0.00030000000000000003
2024-05-26,0.00030000000000000003
2024-05-27,0.00030000000000000003
2024-05-28,0.00034129
2024-05-29,0.00042258000000000004
2024-05-30,0.00030000000000000003
2024-05-31,0.00030000000000000003
2024-06-01,0.00038825999999999997
2024-06-02,0.00036684
2024-06-03,0.00034312000000000004
2024-06-04,0.00045117
2024-06-05,0.0006678599999999999
2024-06-06,0.00057206
2024-06-07,0.00043398
2024-06-08,0.00030000000000000003
2024-06-09,0.00030000000000000003
2024-06-10,0.00030000000000000003
2024-06-11,0.00030000000000000003
2024-06-12,0.00030000000000000003
2024-06-13,0.00030000000000000003
2024-06-14,0.00028174
2024-06-15,0.00030000000000000003
2024-06-16,0.00023192000000000002
2024-06-17,0.00027161000000000004
2024-06-18,8.743000000000001e-05
2024-06-19,0.00021099
2024-06-20,5.911e-05
2024-06-21,9.441e-05
2024-06-22,0.00014698
2024-06-23,0.00015910000000000002
2024-06-24,0.0001619
2024-06-25,6.209e-05
2024-06-26,0.00030000000000000003
2024-06-27,0.00030000000000000003
2024-06-28,0.00027993
2024-06-29,0.00030000000000000003
2024-06-30,0.00030000000000000003
2024-07-01,0.0002455
2024-07-02,0.00020335
2024-07-03,0.00030000000000000003
2024-07-04,0.00023847
2024-07-05,-7.127000000000001e-05
2024-07-06,-1.3769999999999999e-05
2024-07-07,0.00020352
2024-07-08,0.00014371000000000002
2024-07-09,0.00019822
2024-07-10,0.00025147
2024-07-11,0.00010772
2024-07-12,0.00013487000000000001
2024-07-13,0.00014057
2024-07-14,0.00014192
2024-07-15,5.1739999999999996e-05
2024-07-16,0.00014015000000000002
2024-07-17,0.00025083
2024-07-18,0.00024875
2024-07-19,0.00022494
2024-07-20,0.00012684
2024-07-21,0.00025463
2024-07-22,0.00027105
2024-07-23,0.00030000000000000003
2024-07-24,0.00021704
2024-07-25,0.00025745
2024-07-26,0.00016861
2024-07-27,0.00016876
2024-07-28,0.00028932000000000003
2024-07-29,0.00023694000000000002
2024-07-30,0.00027783
2024-07-31,0.00019857999999999999
2024-08-01,0.00029291
2024-08-02,0.00023639
2024-08-03,0.00027875
2024-08-04,0.00011347
2024-08-05,5.917e-05
2024-08-06,2.438e-05
2024-08-07,-4.003999999999999e-05
2024-08-08,6.722999999999999e-05
2024-08-09,7.365e-05
2024-08-10,2.8099999999999992e-05
2024-08-11,-2.6150000000000002e-05
2024-08-12,9.659000000000001e-05
2024-08-13,0.00013236
2024-08-14,3.455e-05
2024-08-15,2.2269999999999995e-05
2024-08-16,-7.427e-05
2024-08-17,1.8000000000000082e-07
2024-08-18,-0.00011853
2024-08-19,6.788000000000001e-05
2024-08-20,-2.9280000000000004e-05
2024-08-21,2.0120000000000004e-05
2024-08-22,0.00010391
2024-08-23,3.958e-05
2024-08-24,0.00015379
2024-08-25,0.00018425
2024-08-26,0.00013102
2024-08-27,0.00020311
2024-08-28,2.692e-05
2024-08-29,-0.00020072999999999998
2024-08-30,-6.466e-05
2024-08-31,5.139999999999995e-06
2024-09-01,-6.467e-05
2024-09-02,-9.461e-05
2024-09-03,5.14999999999999e-06
2024-09-04,0.00011165
2024-09-05,0.00013304000000000001
2024-09-06,8.401e-05
2024-09-07,-3.943e-05
2024-09-08,0.00020824
2024-09-09,-6.392e-05
2024-09-10,0.00010264
2024-09-11,-0.00010470999999999999
2024-09-12,-2.35e-05
2024-09-13,6.192e-05
2024-09-14,3.642e-05
2024-09-15,2.786e-05
2024-09-16,3.838000000000001e-05
2024-09-17,0.00014359
2024-09-18,-1.599e-05
2024-09-19,0.00016668
2024-09-20,0.00030000000000000003
2024-09-21,0.00024074
2024-09-22,0.00019566
2024-09-23,-1.4680000000000002e-05
2024-09-24,0.00012304
2024-09-25,0.00025783
2024-09-26,0.00020313000000000002
2024-09-27,0.00020981
2024-09-28,0.000298
2024-09-29,0.00029314
2024-09-30,0.00030000000000000003
2024-10-01,0.00030000000000000003
2024-10-02,0.00018318000000000002
2024-10-03,4.864e-05
2024-10-04,-6.999999999999998e-06
2024-10-05,0.00015769
2024-10-06,0.00023507
2024-10-07,0.00012059
2024-10-08,7.49e-05
2024-10-09,7.171e-05
2024-10-10,0.00011441000000000001
2024-10-11,-5.5e-05
2024-10-12,-1.0650000000000008e-05
2024-10-13,0.00011854
2024-10-14,0.00016166
2024-10-15,0.00030000000000000003
2024-10-16,0.00018935
2024-10-17,0.00024484
2024-10-18,0.00020941
2024-10-19,0.00016452
2024-10-20,0.00021913
2024-10-21,0.00030000000000000003
2024-10-22,0.00030000000000000003
2024-10-23,0.00030000000000000003
2024-10-24,0.00030000000000000003
2024-10-25,0.00023160000000000002
2024-10-26,0.00021117
2024-10-27,0.00013117
2024-10-28,0.00020988000000000002
2024-10-29,0.00030000000000000003
2024-10-30,0.00030000000000000003
2024-10-31,0.00030000000000000003
2024-11-01,0.00030000000000000003
2024-11-02,0.00023099999999999998
2024-11-03,0.00015235
2024-11-04,0.00017758999999999999
2024-11-05,0.00011095
2024-11-06,0.00018108000000000002
2024-11-07,0.00030000000000000003
2024-11-08,0.00030000000000000003
2024-11-09,0.00030000000000000003
2024-11-10,0.00071046
2024-11-11,0.00068122
2024-11-12,0.00128521
2024-11-13,0.00075775
2024-11-14,0.00053226
2024-11-15,0.00030000000000000003
2024-11-16,0.00049721
2024-11-17,0.00076145
2024-11-18,0.00062422
2024-11-19,0.0005384599999999999
2024-11-20,0.00030000000000000003
2024-11-21,0.00030000000000000003
2024-11-22,0.0008355799999999999
2024-11-23,0.00064523
2024-11-24,0.0007660799999999999
2024-11-25,0.00044817999999999995
2024-11-26,0.00030000000000000003
2024-11-27,0.00030000000000000003
2024-11-28,0.00030000000000000003
2024-11-29,0.00030000000000000003
2024-11-30,0.00030000000000000003
2024-12-01,0.00043181
2024-12-02,0.00089877
2024-12-03,0.00094494
2024-12-04,0.0009498
2024-12-05,0.00134071
2024-12-06,0.00076978
2024-12-07,0.00114553
2024-12-08,0.00078197
2024-12-09,0.00054431
2024-12-10,0.00030000000000000003
2024-12-11,0.00030000000000000003
2024-12-12,0.00030000000000000003
2024-12-13,0.00030000000000000003
2024-12-14,0.00030000000000000003
2024-12-15,0.00026761
2024-12-16,0.00030000000000000003
2024-12-17,0.00024064
2024-12-18,0.00019725
2024-12-19,-3.931e-05
2024-12-20,-0.00010596999999999999
2024-12-21,-0.00036771
2024-12-22,-0.00019549999999999998
2024-12-23,-9.795999999999999e-05
2024-12-24,-2.959e-05
2024-12-25,6.450000000000001e-06
2024-12-26,0.00014257
2024-12-27,-7.044000000000001e-05
2024-12-28,9.655e-05
2024-12-29,4.191e-05
2024-12-30,0.00020666
2024-12-31,0.00017814
2025-01-01,-9.737e-05
2025-01-02,0.00029337
2025-01-03,5.629999999999999e-06
2025-01-04,3.3700000000000006e-05
2025-01-05,0.00016474
2025-01-06,4.1729999999999995e-05
2025-01-07,1.153e-05
2025-01-08,7.673e-05
2025-01-09,3.9850000000000006e-05
2025-01-10,-3.124e-05
2025-01-11,-6.932e-05
2025-01-12,1.2839999999999999e-05
2025-01-13,0.00013477
2025-01-14,-4.661e-05
2025-01-15,-4.753e-05
2025-01-16,0.00030000000000000003
2025-01-17,0.00028220000000000003
2025-01-18,0.00017554000000000002
2025-01-19,0.00024919
2025-01-20,-0.00069949
2025-01-21,-0.00021205999999999997
2025-01-22,0.00016548000000000002
2025-01-23,0.00010101
2025-01-24,0.00025967
2025-01-25,-0.00013968999999999999
2025-01-26,0.00021033
2025-01-27,-0.00017176000000000002
2025-01-28,7.475e-05
2025-01-29,0.00012878
2025-01-30,0.00014405
2025-01-31,-2.0700000000000056e-06
2025-02-01,-8.896e-05
2025-02-02,-4.3169999999999995e-05
2025-02-03,-0.00020404
2025-02-04,-0.00054441
2025-02-05,-0.00019255
2025-02-06,6.480000000000006e-06
2025-02-07,4.125e-05
2025-02-08,5.341e-05
2025-02-09,-0.00036307
2025-02-10,-0.00023725
2025-02-11,-0.00057803
2025-02-12,-0.00013483
2025-02-13,-0.00012452
2025-02-14,0.00015227
2025-02-15,6.653e-05
2025-02-16,-0.00025256
2025-02-17,-0.00029436999999999996
2025-02-18,0.00014492
2025-02-19,-4.578e-05
2025-02-20,-7.842999999999999e-05
2025-02-21,4.4239999999999997e-05
2025-02-22,-0.00024768
2025-02-23,0.00011259
2025-02-24,-6.320999999999999e-05
2025-02-25,6.760000000000003e-06
2025-02-26,-4.971e-05
2025-02-27,0.00020333
2025-02-28,0.00030000000000000003
2025-03-01,0.00026593
2025-03-02,9.579e-05
2025-03-03,-5.863e-05
2025-03-04,-0.00011617000000000001
2025-03-05,-0.00018458
2025-03-06,-0.00017004
2025-03-07,-0.00014836
2025-03-08,-3.514e-05
2025-03-09,-3.0369999999999996e-05
2025-03-10,-0.00025772999999999996
2025-03-11,6.226e-05
2025-03-12,-4.332e-05
2025-03-13,1.3009999999999999e-05
2025-03-14,0.00022942
2025-03-15,0.00014902
2025-03-16,2.7449999999999996e-05
2025-03-17,-0.00017428000000000002
2025-03-18,-0.00017156
2025-03-19,0.00010486000000000001
2025-03-20,0.00018129000000000002
2025-03-21,-8.943e-05
2025-03-22,-7.454e-05
2025-03-23,1.7109999999999997e-05
2025-03-24,0.00012763
2025-03-25,0.0001284
2025-03-26,-0.00016641999999999997
2025-03-27,-0.00021899
2025-03-28,-0.00022715000000000002
2025-03-29,-0.00011557
2025-03-30,-0.00083917
2025-03-31,-0.00024577999999999997
2025-04-01,-0.00015026
2025-04-02,-0.00015536
2025-04-03,-0.00026049
2025-04-04,-0.00033224
2025-04-05,0.00015785000000000002
2025-04-06,-1.0819999999999995e-05
2025-04-07,-2.1899999999999997e-05
2025-04-08,-0.00039552
2025-04-09,-8.3e-05
2025-04-10,0.00023456
2025-04-11,8.189e-05
2025-04-12,6.965e-05
2025-04-13,0.00017839
2025-04-14,-4.354000000000001e-05
2025-04-15,-0.00017175000000000003
2025-04-16,-0.00014672
2025-04-17,0.00021614
2025-04-18,-4.648e-05
2025-04-19,-0.00024364
2025-04-20,-0.0003849
2025-04-21,-0.00046079
2025-04-22,-0.00018025
2025-04-23,0.00012578
2025-04-24,0.00025163000000000003
2025-04-25,0.00021235
2025-04-26,-0.00010778
2025-04-27,8.299999999999971e-07
2025-04-28,-7.124e-05
2025-04-29,-0.00018179
2025-04-30,-0.00027165
2025-05-01,0.00013939
2025-05-02,-8.635000000000001e-05
2025-05-03,-0.00026302
2025-05-04,-0.00016693
2025-05-05,-0.00014437
2025-05-06,-5.750000000000004e-06
2025-05-07,0.00018972
2025-05-08,0.00017929
2025-05-09,0.00030000000000000003
2025-05-10,0.00030000000000000003
2025-05-11,0.00025117
2025-05-12,0.00020457
2025-05-13,0.00022883000000000002
2025-05-14,0.00022295
2025-05-15,1.981e-05
2025-05-16,6.215999999999999e-05
2025-05-17,-2.210000000000001e-06
2025-05-18,0.0001493
2025-05-19,-0.0002545
2025-05-20,0.00014982
2025-05-21,0.00026378
2025-05-22,0.00027607
2025-05-23,0.00030000000000000003
2025-05-24,9.199e-05
2025-05-25,-1.1200000000000001e-05
2025-05-26,9.461e-05
2025-05-27,-1.7859999999999995e-05
2025-05-28,-6.653e-05
2025-05-29,-3.685e-05
2025-05-30,-3.314e-05
2025-05-31,-5.0879999999999994e-05
2025-06-01,-0.00018563
2025-06-02,8.613e-05
2025-06-03,0.00011693
2025-06-04,2.279e-05
2025-06-05,4.28e-05
2025-06-06,-0.00019247
2025-06-07,5.118e-05
2025-06-08,1.4729999999999996e-05
2025-06-09,0.00017674
2025-06-10,0.00018964
2025-06-11,0.00030000000000000003
2025-06-12,8.988e-05
2025-06-13,-9.913000000000001e-05
2025-06-14,0.00010607
2025-06-15,0.00012283
2025-06-16,0.00019376000000000002
2025-06-17,0.00016318
2025-06-18,2.7679999999999996e-05
2025-06-19,6.493e-05
2025-06-20,0.00011071
2025-06-21,-9.999000000000001e-05
2025-06-22,1.356e-05
2025-06-23,6.888e-05
2025-06-24,8.666e-05
2025-06-25,0.00013394
2025-06-26,-6.2600000000000044e-06
2025-06-27,-3.1629999999999994e-05
2025-06-28,0.00026933
2025-06-29,0.0002346
2025-06-30,0.00011745999999999999
2025-07-01,6.938000000000002e-05
2025-07-02,-0.00010599
2025-07-03,0.0001549
2025-07-04,2.4730000000000002e-05
2025-07-05,-0.00029506
2025-07-06,-7.462000000000001e-05
2025-07-07,0.0002045
2025-07-08,-5.779999999999997e-06
2025-07-09,2.6220000000000003e-05
2025-07-10,0.00013817000000000001
2025-07-11,0.00024064
2025-07-12,0.00030000000000000003
2025-07-13,0.00027719
2025-07-14,0.00023590000000000001
2025-07-15,9.641e-05
2025-07-16,0.00030000000000000003
2025-07-17,0.00030000000000000003
2025-07-18,0.00030000000000000003
2025-07-19,0.00030000000000000003
2025-07-20,0.00030000000000000003
2025-07-21,0.000329
2025-07-22,0.00030000000000000003
2025-07-23,0.00030000000000000003
2025-07-24,0.00030000000000000003
2025-07-25,0.00026102000000000005
2025-07-26,0.00030000000000000003
2025-07-27,0.00030000000000000003
2025-07-28,0.00030000000000000003
2025-07-29,4.688e-05
2025-07-30,7.487e-05
2025-07-31,4.71e-05
2025-08-01,6.445999999999999e-05
2025-08-02,3.784e-05
2025-08-03,-0.00023553000000000002
2025-08-04,-0.00027288999999999997
2025-08-05,-0.0001051
2025-08-06,-8.584e-05
2025-08-07,0.00015677
2025-08-08,0.00010662
2025-08-09,0.00026057
2025-08-10,0.00027454
2025-08-11,0.00019827
2025-08-12,-5.854e-05
2025-08-13,0.00030000000000000003
2025-08-14,0.00045876
2025-08-15,0.00024024000000000002
2025-08-16,9.194e-05
2025-08-17,0.00024735
2025-08-18,-2.3800000000000003e-05
2025-08-19,8.355e-05
2025-08-20,0.00021391
2025-08-21,0.00021366
2025-08-22,0.00023301000000000002
2025-08-23,0.00030000000000000003
2025-08-24,0.00030000000000000003
2025-08-25,0.00030000000000000003
2025-08-26,7.229e-05
2025-08-27,0.00030000000000000003
2025-08-28,0.00030000000000000003
2025-08-29,0.00023401999999999999
2025-08-30,8.710000000000003e-06
2025-08-31,0.00020307
2025-09-01,0.00012113
2025-09-02,0.00024448
2025-09-03,0.00019446
2025-09-04,0.00016468
2025-09-05,2.158e-05
2025-09-06,0.00020654
2025-09-07,9.624999999999998e-05
2025-09-08,0.00030000000000000003
2025-09-09,0.00028916
2025-09-10,0.00023617
2025-09-11,0.00012449
2025-09-12,1.424e-05
2025-09-13,0.00013659
2025-09-14,8.357e-05
2025-09-15,4.9540000000000003e-05
2025-09-16,0.00021824
2025-09-17,5.252e-05
2025-09-18,0.00020187
2025-09-19,0.0002047
2025-09-20,-0.00013213
2025-09-21,4.9149999999999995e-05
2025-09-22,-0.000113
2025-09-23,0.00010088000000000001
2025-09-24,5.5849999999999996e-05
2025-09-25,-0.00012691
2025-09-26,-5.006e-05
2025-09-27,-5.2000000000000004e-05
2025-09-28,3.5999999999999994e-06
2025-09-29,7.350000000000001e-05
2025-09-30,-0.00025009
2025-10-01,0.00016368
2025-10-02,-3.96e-05
2025-10-03,3.699999999999999e-05
2025-10-04,9.282e-05
2025-10-05,5.101e-05
2025-10-06,1.116999999999999e-05
2025-10-07,-7.035e-05
2025-10-08,-0.00010967
2025-10-09,0.00019764
2025-10-10,7.230000000000002e-06
2025-10-11,-0.00665343
2025-10-12,-0.0030558499999999997
2025-10-13,-0.00089158
2025-10-14,-2.4009999999999995e-05
2025-10-15,3.752e-05
2025-10-16,-0.00018511
2025-10-17,0.00013797
2025-10-18,-0.00012201
2025-10-19,0.00014247
2025-10-20,-0.00011043
2025-10-21,-5.151e-05
2025-10-22,-2.102e-05
2025-10-23,7.468000000000001e-05
2025-10-24,0.00021595000000000002
2025-10-25,0.00025536
2025-10-26,0.00017095
2025-10-27,0.00023983
2025-10-28,0.00010366
2025-10-29,-0.00010795000000000001
2025-10-30,-0.000147
2025-10-31,-0.0002973
2025-11-01,-1.9609999999999997e-05
2025-11-02,6.999999999999994e-06
2025-11-03,-0.00029313
2025-11-04,-0.00017067
2025-11-05,-3.0079999999999997e-05
2025-11-06,-7.14e-05
2025-11-07,-4.420000000000002e-06
2025-11-08,8.157999999999999e-05
2025-11-09,-7.979e-05
2025-11-10,-9.203e-05
2025-11-11,-0.00026752
2025-11-12,-0.00021475
2025-11-13,-5.615e-05
2025-11-14,-0.00010085999999999999
2025-11-15,0.00014527
2025-11-16,0.00010700000000000001
2025-11-17,0.00029994
2025-11-18,0.00021017
2025-11-19,0.00010986
2025-11-20,9.788e-05
2025-11-21,-0.00016468
2025-11-22,-0.00014258
2025-11-23,2.3019999999999996e-05
2025-11-24,5.4149999999999995e-05
2025-11-25,-0.00014409
2025-11-26,7.210000000000007e-06
2025-11-27,0.00010208
2025-11-28,-0.00019339999999999998
2025-11-29,-1.1390000000000003e-05
2025-11-30,0.00022239
2025-12-01,1.5460000000000004e-05
2025-12-02,-2.1100000000000008e-05
2025-12-03,0.00025273
2025-12-04,0.00027212
2025-12-05,0.00013535
2025-12-06,-5.881e-05
2025-12-07,3.0189999999999994e-05
2025-12-08,9.926e-05
2025-12-09,-2.584e-05
2025-12-10,0.00014377000000000001
2025-12-11,-0.00021955
2025-12-12,0.00029412000000000004
2025-12-13,-0.00011797
2025-12-14,-0.0001314
2025-12-15,-5.128e-05
2025-12-16,-0.00012924
2025-12-17,0.00012833
2025-12-18,-0.00015684
2025-12-19,0.00014065
2025-12-20,0.00023848
2025-12-21,0.00016580000000000002
2025-12-22,0.00013286
2025-12-23,-0.0001162
2025-12-24,9.7e-05
2025-12-25,0.0002298
2025-12-26,0.00022868
2025-12-27,0.00020489
2025-12-28,0.00030000000000000003
2025-12-29,0.00012089000000000002
2025-12-30,4.3620000000000006e-05
2025-12-31,0.00022078
2026-01-01,6.764e-05
2026-01-02,0.00030000000000000003
2026-01-03,0.00024713000000000003
2026-01-04,0.00019166000000000002
2026-01-05,7.528e-05
2026-01-06,0.00023473
2026-01-07,5.382000000000001e-05
2026-01-08,0.00010652
2026-01-09,0.00029569000000000004
2026-01-10,-0.00016496
2026-01-11,0.0002309
2026-01-12,0.0002369
2026-01-13,0.00015920000000000002
2026-01-14,0.00029806
2026-01-15,9.682000000000001e-05
2026-01-16,-4.619e-05
2026-01-17,0.00016134
2026-01-18,-0.00010947
2026-01-19,0.00011045
2026-01-20,4.018999999999999e-05
2026-01-21,-2.136e-05
2026-01-22,-6.345e-05
2026-01-23,-6.481999999999999e-05
2026-01-24,-2.2369999999999998e-05
2026-01-25,-5.8960000000000005e-05
2026-01-26,-0.00017835
2026-01-27,0.0001834
2026-01-28,0.00017923
2026-01-29,-0.00011310999999999999
2026-01-30,-0.00031788
2026-01-31,-0.00035132
2026-02-01,-0.00097385
2026-02-02,-0.00027327
2026-02-03,-0.00038635
2026-02-04,-0.0009822
2026-02-05,-4.17e-05
2026-02-06,-0.00114886
2026-02-07,-0.00092662
2026-02-08,-0.00098826
2026-02-09,-0.00036251
2026-02-10,-0.00037142
2026-02-11,-0.00014249
2026-02-12,-0.00043321
2026-02-13,-3.924e-05
2026-02-14,-0.0001046
2026-02-15,-0.00013518
2026-02-16,-0.00021365
2026-02-17,-0.00022117
2026-02-18,-0.0003655
2026-02-19,-0.00021685
2026-02-20,-6.958e-05
2026-02-21,-3.945e-05
2026-02-22,-0.00022216
2026-02-23,-0.0007576999999999999
2026-02-24,-0.00017402
2026-02-25,-4.191000000000001e-05
2026-02-26,4.8700000000000005e-05
2026-02-27,-0.00027527
2026-02-28,-0.00041927
2026-03-01,0.00010792000000000001
2026-03-02,-7.591e-05
2026-03-03,-0.0002467
2026-03-04,3.8520000000000004e-05
2026-03-05,-0.00012843000000000002
2026-03-06,-0.00014632000000000002
2026-03-07,-0.00018051
2026-03-08,-0.0004741
2026-03-09,-0.00020171000000000002
2026-03-10,7.394000000000001e-05
2026-03-11,-0.00019195
2026-03-12,-0.00012247999999999998
2026-03-13,0.0002357
2026-03-14,-0.00019303
2026-03-15,-0.00014607000000000002
2026-03-16,0.00024824
2026-03-17,7.742e-05
2026-03-18,-0.00012299
2026-03-19,-0.00010609
2026-03-20,-0.00010606
2026-03-21,-0.00010865000000000001
2026-03-22,-0.00039328
2026-03-23,-3.252e-05
2026-03-24,1.731000000000001e-05
2026-03-25,0.00011724000000000001
2026-03-26,-0.00033926999999999997
2026-03-27,-0.0008137999999999999
2026-03-28,-0.0006648299999999999
2026-03-29,-0.0006827000000000001
2026-03-30,-0.00029996
2026-03-31,-0.00018489
2026-04-01,-9.110000000000003e-06
2026-04-02,-0.00028738
2026-04-03,1.0669999999999998e-05
2026-04-04,-0.0001521
2026-04-05,-0.00021384
2026-04-06,4.779e-05
2026-04-07,-0.00038321
2026-04-08,0.00030000000000000003
2026-04-09,5.428e-05
2026-04-10,0.00018438
2026-04-11,1.2380000000000002e-05
2026-04-12,-8.269999999999999e-05
2026-04-13,0.00012891
2026-04-14,0.00030000000000000003
2026-04-15,-0.00011242999999999999
2026-04-16,0.00027305
2026-04-17,0.00014101
2026-04-18,-0.00015922
2026-04-19,-0.00023191
2026-04-20,-4.97e-05
2026-04-21,0.00011573
2026-04-22,0.00026371
2026-04-23,6.251e-05
2026-04-24,-0.00016014
2026-04-25,1.5869999999999995e-05
2026-04-26,4.4630000000000005e-05
2026-04-27,-0.00014749
2026-04-28,-0.00015064
2026-04-29,-4.9400000000000035e-06
2026-04-30,0.00011229
2026-05-01,0.00012661999999999998
2026-05-02,1.8909999999999997e-05
2026-05-03,-4.650000000000001e-06
2026-05-04,0.00019634
2026-05-05,0.00024404
2026-05-06,0.00025677
2026-05-07,0.00011267
2026-05-08,0.00018451
2026-05-09,0.00015828
2026-05-10,-4.3780000000000004e-05
2026-05-11,0.00018974
2026-05-12,5.585e-05
2026-05-13,-3.615999999999999e-05
2026-05-14,-0.00023479000000000002
2026-05-15,4.5209999999999996e-05
2026-05-16,-1.519999999999972e-06
2026-05-17,-0.00023144
2026-05-18,-9.943e-05
2026-05-19,-0.00013451
2026-05-20,7.4e-06
2026-05-21,8.91e-05
2026-05-22,8.251000000000001e-05
2026-05-23,-0.00038371
2026-05-24,2.3599999999999998e-05
2026-05-25,-5.048e-05
2026-05-26,-1.0490000000000003e-05
2026-05-27,-0.00021907
2026-05-28,-0.00022743
2026-05-29,0.00013054
2026-05-30,0.00015474
2026-05-31,8.616e-05
2026-06-01,5.584e-05
2026-06-02,8.244e-05
2026-06-03,-0.00028931
2026-06-04,-0.00036579
2026-06-05,-0.00043405
2026-06-06,-0.00042259999999999997
2026-06-07,-0.00069691
2026-06-08,-0.00049633
2026-06-09,-0.00018575000000000002
2026-06-10,-8.425e-05
2026-06-11,-9.404e-05
2026-06-12,-0.00021382
2026-06-13,-8.272e-05
2026-06-14,-0.00032156
2026-06-15,-0.00011994
2026-06-16,-2.1720000000000002e-05
